<?xml version="1.0" encoding="UTF-8"?>
<!DOCTYPE suite SYSTEM "https://testng.org/testng-1.0.dtd">
<suite name="Suite" parallel="tests">
  <test thread-count="5" name="JustTicketsTest">
	  <parameter name="application" value="JusTickets"></parameter>
    <classes>
      <class name="testcases.BookMovieTicket"/>
    </classes>
  </test> <!-- Test -->
    <test thread-count="5" name="RedHatTest">
		<parameter name="application" value="RedHat"></parameter>
    <classes>
      <class name="testcases.RegisterRedHatUser"/>
    </classes>
  </test> <!-- Test -->
</suite> <!-- Suite -->
